Jour;Module;Accroche (titre);Preuve (donnée vérifiable);Référence biblique;Source externe à citer;Format conseillé;Mode de sortie
1;M1;Tout ce qui commence a une cause;La science du XXe siècle établit que l'univers a eu un commencement;Genèse 1:1 · Psaume 90:2;vulgarisation scientifique établie;Carrousel (vue 1-2);1 à 1
2;M1;Une maison a un constructeur;Même la plus simple des cellules vivantes est d'une extrême complexité (M. Denton);Hébreux 3:4;Michael Denton (cité dans la littérature de l'organisation);Carrousel (vue 3);1 à 1
3;M1;Le code dans vos cellules;≈ 3 milliards de paires de bases portent le plan de construction d'un corps humain;Psaume 139:16;donnée de biologie moléculaire courante;Carrousel (vue 4);1 à 1
4;M1;L'oiseau sans GPS;La navigation des migrateurs exige des connaissances mathématiques complexes (Le grand livre des animaux, 1965);Jérémie 8:7;ouvrage cité dans la littérature de l'organisation;Vidéo 60 s;1 à 1
5;M1;Ce que dit un astronome;Bernard Lovell sur « l'harmonie des lois de la nature »;Psaume 19:1;Réveillez-vous ! 1981;Citation visuelle;1 à 1
6;M1;Trois questions pour vous;Les 3 questions de la vue 9 du carrousel;Romains 1:20;—;Carrousel (vue 9-10);1 à 1
7;M2;40 / 1600 / 66 / 3 / 1;≈ 40 écrivains, ≈ 1 600 ans, 66 livres, 3 langues, 1 seul message;2 Timothée 3:16;données descriptives du texte biblique;Infographie;1 à 1
8;M2;Le test des 40;Expérience de raisonnement : 40 auteurs modernes sur un seul thème;2 Pierre 1:20-21;—;Atelier;Atelier
9;M3;Le nom écrit 190 ans avant sa naissance;Cyrus nommé par Ésaïe · prise de Babylone le 5 octobre 539 av. n. è.;Ésaïe 44:28 · 45:1;Hérodote · Xénophon (Cyropédie) · cylindre de Cyrus (British Museum);Vidéo 3 min;1 à 1
10;M3;Deux détails impossibles à prévoir;Les eaux de l'Euphrate « desséchées » et les portes non fermées;Jérémie 50:38 · 51:30 · Ésaïe 45:1;Hérodote · Xénophon;Carrousel;1 à 1
11;M3;La statue et les empires;Babylone → Médo-Perse → Grèce → Rome, écrits ≈ 551 av. n. è.;Daniel 2 · 7 · 8;histoire universelle établie;Schéma imprimable;1 à 1
12;M3;Daniel et les 70 semaines;La venue du Messie annoncée · destruction de Jérusalem en 70 de n. è.;Daniel 9:24-27;Flavius Josèphe;Article;1 à 1
13;M3;Bethléhem;Lieu de naissance annoncé ≈ 716 av. n. è., accompli par un décret impérial;Michée 5:2 · Luc 2:1-7;—;Carrousel;1 à 1
14;M4;L'île qui a disparu;Ézéchiel : décombres jetés à la mer, site devenu séchoir à filets · accompli en 332 av. n. è.;Ézéchiel 26:3-14 · Zacharie 9:4;Encyclopedia Americana;Vidéo 90 s;1 à 1
15;M3;Babylone jamais habitée;« Ne sera jamais plus habitée » · site désert en Iraq;Ésaïe 13:19-20 · Jérémie 51:37;Smithsonian;Carrousel;1 à 1
16;M3;Une prophétie sur mille ans;La succession des puissances jusqu'à Rome;Daniel 7 · 8:20-22;histoire universelle établie;Schéma;1 à 1
17;M5;Trois attaques, une survie;168 av. n. è. Antiochus IV · 303 Dioclétien · persécutions médiévales;Ésaïe 40:8 · Matthieu 24:35;Eusèbe de Césarée (Histoire ecclésiastique);Frise chronologique;1 à 1
18;M5;Mille ans sans erreur;Les Massorètes comptaient lettres et mots · refus de falsifier (Goshen-Gottstein);Psaume 119:160;prof. Moshe Goshen-Gottstein;Carrousel;1 à 1
19;M5;1947 : la vérification;Comparaison d'un rouleau d'Ésaïe (≈100 av. n. è.) avec un texte copié 1 000 ans plus tard;Matthieu 24:35;Julio Barrera · prof. Millar Burrows;Article 900 mots;1 à 1
20;M5;2025 : l'IA redate les manuscrits;Étude PLOS ONE (4 juin 2025) : le fragment 4Q114 de Daniel daté 230-160 av. n. è.;Daniel 8-11;Popović et al., PLOS ONE, 2025;Article / post;1 à 1
21;M6;53 personnages retrouvés;53 personnages bibliques identifiés par des inscriptions externes (L. Mykytiuk, Purdue);—;Biblical Archaeology Review · reprise sept. 2025;Carrousel;1 à 1
22;M6;Sennachérib chez les historiens;Prisme de Sennachérib et reliefs de Lakish · 2 Rois 19;2 Rois 19:35-36 · Ésaïe 37;prisme de Sennachérib;Carrousel;1 à 1
23;M6;Le bassin de Siloé daté;Dégagé et daté au carbone 14 du VIIIe siècle av. n. è. (2025);2 Rois 20:20 · Jean 9:7;annonces archéologiques 2025;Carrousel;1 à 1
24;M6;Un sceau de la cour du roi Josias;Découverte en 2025 d'une bulle « Yeda'yah, fils d'Asayahu »;2 Rois 22:12 · 2 Chroniques 34:20;Temple Mount Sifting Project, 2025;Carrousel;1 à 1
25;M6;La plus ancienne mention d'Israël;Stèle de Mérenptah, ≈ 1208 av. n. è. · rouleaux d'argent de Ketef Hinnom (≈600 av. n. è.);Nombres 6:24-26;musée d'Israël · publications archéologiques;Article;1 à 1
26;M7;Ne laissez pas le soleil se coucher;Principe contre la rumination et la colère;Éphésiens 4:26 · Proverbes 16:32;recherche sur la régulation émotionnelle;Carrousel;1 à 1
27;M7;Le cœur joyeux;Bien-être émotionnel et santé;Proverbes 17:22;psycho-neuro-immunologie;Carrousel;1 à 1
28;M7;L'argent : un moyen, pas un maître;« L'amour de l'argent » et le contentement;1 Timothée 6:6-10 · Ecclésiaste 7:12;études sur revenu et bonheur;Fiche A4;Atelier
29;M9;Le livre le plus traduit de l'histoire;795 Bibles complètes · 4 121 langues partiellement · 6,2 milliards de personnes;Matthieu 24:14 · Révélation 14:6;Alliance biblique universelle, rapport 2025;Infographie;1 à 1
30;M12;Vérifiez vous-même : 7 questions;Les 7 questions à poser à la Bible;—;—;Fiche A4 + QR;Atelier
